"Id","External_Id__c","Crew_Type__c","Roof_Type__c","Panels_Per_Day__c"
"a02QL00000oF6LkYAK","CAP-ROOF-TILE","Roof","Tile","18"
"a02QL00000oF6LlYAK","CAP-ROOF-SLATE","Roof","Slate","14"
"a02QL00000oF6LmYAK","CAP-ROOF-FLAT","Roof","Flat","26"
"a02QL00000oF6LnYAK","CAP-ROOF-METAL","Roof","Metal","22"
"a02QL00000oF6LoYAK","CAP-GROUND-TILE","Ground","Tile","14"
"a02QL00000oF6LpYAK","CAP-GROUND-SLATE","Ground","Slate","10"
"a02QL00000oF6LqYAK","CAP-GROUND-FLAT","Ground","Flat","22"
"a02QL00000oF6LrYAK","CAP-GROUND-METAL","Ground","Metal","18"
"a02QL00000oF6LsYAK","CAP-ELECTRICAL-TILE","Electrical","Tile","14"
"a02QL00000oF6LtYAK","CAP-ELECTRICAL-SLATE","Electrical","Slate","10"
"a02QL00000oF6LuYAK","CAP-ELECTRICAL-FLAT","Electrical","Flat","22"
"a02QL00000oF6LvYAK","CAP-ELECTRICAL-METAL","Electrical","Metal","18"
